20260702065122	add_users_notification_enabled	103	e332cf0fc75fd012c24d96351eb2339b
20260702083003	create_connection_note_ink_bucket_and_policies	1554	2295060278770a49d71dc219e738affe
20260702083017	add_ink_columns_to_connection_notes	664	2f46bd0b82f466caba48c5921b8f2c30
20260703043452	mentor_directory_v2_add_photo_highschool	2144	a5d5ef23005d03ac9af446c0e4286aae
20260703083609	iq_open_list_filter_by_mentor_subjects	1305	52302103666076d3b54552af24d149ff
20260703083637	iq_claim_gate_by_mentor_subject	4219	896a8a7fb3d929eff43aeb7c7699e3cb
20260704135524	116_user_blocks	2129	d343411f9f5f2864b11c6c01c40685f5
20260704135705	102_account_status_management	1066	f76b607cede2fc13c98438387eb00079
20260704135803	115_account_deletion	3639	b980307ec1bc3a167d1fd6c86602d4bb
20260707103325	add_iq_attachment_rpc_s17	1717	14d5f234c032ea7b54b4a714488b7d42
20260707115017	add_iqa_storage_update_policy_annotations_s18	678	be704e22d33c904e524d2383f765a58c
20260707205436	iqa_rpc_message_id_check_v2	2385	e75d0ea7b669846788a15fbb167bc107
20260707205504	iqa_bucket_allow_application_json	445	0f249ec3472d9c39972047730cca8978
20260712051239	103_mentor_activity_suspension	2669	de5b87246ff9b71d22c64d1dd8130875
20260712060703	101_community_comments_admin_moderation	1717	c6261f400c09676ef92a3abc965267e1
20260712060717	104_user_warnings	1206	c4998c4d8a24058a0e1e56dc09cce07d
20260717044250	fix_xv01_signup_admin_provisioning	5791	4fd3d5b6057502e6a6071331983fbd9a
20260717044741	fix_xv01_revoke_insert_guard_execute	549	c747c1f521e28ebeb847c585c21ba435
20260717091247	admin_read_enablement_mentor_verification	868	459b6c0eb10b7d5d3cfcd2f501bd86c9
20260717125606	120_admin_console_fixes	3254	6ae12f21dd4d97fc82ea2a57568f6ec2
20260718094306	mentor_plan_price_band_clamp	464	420d54e1fdc96291cd8a8cfabb9fdab2
20260720073848	p2_2_community_board_idempotency_softdelete_147	439	f9a722cabcd65d4289685a5d622bdbd0
20260720075436	p2_3_shortform_idempotency_148	234	cd171e8f2b0652da7c9f8ca1f9277b0d
20260720080527	p1_8a_storage_insert_eligibility_149	2035	e602c09884dbceace11b7b8961e07f8d
20260720080619	p1_13_refund_billing_event_fk_150	1365	ad61b6a32cd7f8f51744dd214524332d
20260720081121	p1_10_account_deletion_saga_151	9987	701e9d95ed2c1eb0d625f1a58431596b
20260720081942	p1_11c_notification_delivery_worker_152	11683	8f9f30bb4c2900fa5a9a348b7c42eeb2
20260720083205	p2_25_pay_due_payouts_convergence_153	6858	f34e08297c4ef918ea56aeae0302dce0
20260720085838	p1_10_deletion_operational_adapters_154	4071	26ac1964ff5d84bf29039dfc681f0d16
20260720090434	p1_11_iq_notification_atomization_155	4051	241665e8b01d81cd947aae3f195a1ae2
20260720091401	p2_25_payout_scheduler_foundation_156	3346	82368d615c8bd64b70549ac6622ec4ad
20260731095050	20260729211929_mentor_profile_privileged_column_guard	4716	06d422ad92c63476ca97342a29f5a782
20260731095136	20260729211941_weekly_usage_pair_party_guard	4032	d6a08f036b31bcbfb17e821cb3ca0045
20260731100313	20260730095435_api_web_v1_schemas	7325	6e51e106e870f6a7810d53105e0a0440
20260731100358	20260730095436_comments_author_label_baseline_convergence	8220	e02e8dd8f8193a9c095fdc54348d4f63
20260731100540	20260730095438_comments_author_label_denormalize	19259	8cef897e94ed4457f87ce252cb89bb0a
20260731100708	20260730095441_api_web_v1_read_views	18013	e217314122c17c35d7e82c798a0b57bd
20260731101845	20260730105244_core_private_room_ensure	11829	a48a477d54209e646b23a1c137f20dd5
20260731102007	20260730105248_api_web_v1_self_rpc	19067	378f65e348c0b2d6e650a0567396c63e
20260731113927	20260730105252_api_web_v1_community_rpc	30906	d8b18fd504052142e7e39a9ea628b644
20260731114120	20260730112525_api_app_v1_surface	19329	4374f0c6b09aa9c611b57d34281451a9
20260731125643	20260730112528_api_web_v1_mentor_rpc	15995	249f12378f672e007c35760a66a64581
20260731125802	20260730112531_api_web_v1_payout_account_rpc	7752	59397292484b3d9570e811a86607d203
20260731134000	20260730120103_money_rpc	42068	5abb094e0c457330a1dd2a3b52285177
20260731135324	20260730195147_revoke_mentor_profiles_write	7554	03d752a4affa8ab22e3325d1a65f38fc
20260731135445	20260730195150_revoke_mentor_plans_write	5611	9dff8db0dfe193275c9eaa6ce69ebde3
20260731170632	community_direct_write_lockdown	5163	9fa3adaa4177ff575d3d67a9ec8fcc10
20260731170758	contract_permission_assertions	21497	b5d54a1a505c222f34021ea9daed33be
20260801054636	20260801040844_qna_answer_notification_per_event	21177	124a7035cb531aaa2ea8a2e0c5a3aa91
20260802054930	20260802024641_build13_db_contract_convergence	73441	bd7ceda599cf6bebc72c245be15457fb
20260803142534	iq_append_message_v1	3421	53d79b99fd288a23d1302dae12856e74
20260803142559	iq_attachment_author_v1	2952	f9598ec3e84604b08373d343de49ab27
20260803170552	20260803162257_security_identity_profile_lockdown	17808	310a1d354cc8df6aec57a907109a09f5
20260803170916	20260803162808_domain_contract_convergence	43309	7331646010fbb97861a7763e2f6d5c9a
20260803171053	20260803163322_realtime_notification_convergence	20627	7d28ba7e634a23b3ed0162cc41b0192a
20260804040019	20260804035019_iq_append_message_execute_acl_hardening	1264	cb45cc3a3c64ecc61fffceda9853fd5a
