api_app_v1	community_post_create	p_title text, p_body text, p_category text, p_idempotency_key uuid, p_image_refs text[], p_status text	ab27b90d8a807c236ac3d5b1a5fbbb0e
api_app_v1	community_post_soft_delete	p_post_id uuid	ba50419a460a48ecb890587b5858679d
api_app_v1	community_post_update	p_post_id uuid, p_title text, p_body text, p_category text, p_expected_updated_at timestamp with time zone, p_image_refs text[], p_status text	4db027eeca260931bd5f94aa7aefc9fb
api_app_v1	ensure_free_question_room	p_mentor_id uuid	d94fe136521e9a68d353ed12ec40aa75
api_app_v1	qna_create_question_thread	p_room_id uuid, p_title text, p_subject text, p_topic text, p_first_message_body text	58d2d496a7a3fff32007bddd23100f69
api_app_v1	user_profile_update_self	p_nickname text, p_grade_level text	ac71fbca2ad4538b78ef705f79c6b5c3
api_web_v1	account_deletion_status_self		eca9961cb97efa1cc99f2f0b54d53070
api_web_v1	community_post_create	p_title text, p_body text, p_category text, p_idempotency_key uuid, p_image_refs text[], p_status text	ab27b90d8a807c236ac3d5b1a5fbbb0e
api_web_v1	community_post_soft_delete	p_post_id uuid	ba50419a460a48ecb890587b5858679d
api_web_v1	community_post_update	p_post_id uuid, p_title text, p_body text, p_category text, p_expected_updated_at timestamp with time zone, p_image_refs text[], p_status text	4db027eeca260931bd5f94aa7aefc9fb
api_web_v1	ensure_free_question_room	p_mentor_id uuid	652b1e7275f96fbf16ce8fba01e83835
api_web_v1	mentor_payout_account_update_self	p_bank_name text, p_account_number text	3eb3ff2a040f9e435717b3e3511e8d0b
api_web_v1	mentor_plan_prices_set_self	p_limited_cash_krw integer, p_standard_cash_krw integer, p_premium_cash_krw integer	5d9eaf34090299d2a1f0dc9d6b36d428
api_web_v1	mentor_profile_update_self	p_university_name text, p_department_name text, p_high_school_name text, p_teaching_subjects text[], p_intro_line text, p_bio text, p_answer_style text, p_profile_image_url text, p_is_open_for_subscriptions boolean	d4a5ab989be14f8915eb1c82b8c0862a
api_web_v1	mentor_settlement_self		a11a8ea05fe6bff86bcc935362cb75e6
api_web_v1	my_subscriptions_self		a433cc8dfd82358c1d8a9295ec650437
api_web_v1	qna_create_question_thread	p_room_id uuid, p_title text, p_subject text, p_topic text, p_first_message_body text	d178fd1d9bdf727babf339232bcaf66c
api_web_v1	record_cash_topup_v2	p_user_id uuid, p_amount_cents bigint, p_order_ref text	79049643742ed426841c3fce9e85d520
api_web_v1	subscription_checkout_confirm_v2	p_payment_id uuid, p_plan_id uuid, p_expected_amount_cents integer, p_idempotency_key text	21ba579dd4e1daef3cb65e32191dbb23
api_web_v1	user_marketing_consent_set_self	p_agreed boolean	2447b0946a02fae09d02b7e02a5dcbb0
api_web_v1	user_profile_update_self	p_nickname text, p_grade_level text	ac71fbca2ad4538b78ef705f79c6b5c3
api_web_v1	weekly_question_usage_self	p_mentor_id uuid	4d5862ac3b4f5fea75f316dd135ef1bf
core_private	community_image_refs_validate	p_owner_id uuid, p_image_refs text[]	2aefd8cceda8b87d214959a990d1bbd2
core_private	community_post_create_impl	p_author_id uuid, p_title text, p_body text, p_category text, p_image_refs text[], p_status text, p_idempotency_key uuid	9089e4db2ece74f6eaf68307e8a3db1c
core_private	community_post_soft_delete_impl	p_author_id uuid, p_post_id uuid	872840d936494dc4e605e1b4d9b8b854
core_private	community_post_update_impl	p_author_id uuid, p_post_id uuid, p_title text, p_body text, p_category text, p_image_refs text[], p_status text, p_expected_updated_at timestamp with time zone	adf5244900c1befcbd57f1061230a241
core_private	ensure_student_mentor_room	p_student_id uuid, p_mentor_id uuid, p_payment_id uuid, p_subscription_id uuid, p_require_entitlement boolean	bd90ae5558309aa405ace0922e83772b
core_private	record_cash_topup_impl	p_user_id uuid, p_amount_cents bigint, p_idempotency_key text	c5ea5e45741bf908a04dba2cb81a8997
core_private	user_profile_update_self_impl	p_user_id uuid, p_nickname text, p_grade_level text	c6160e8774f13afef3241050be57b1e1
public	_cro_transition_actor_is_mentor	o custom_request_orders, p_actor uuid	dee6fe04de08373ae5ce802500089b8f
public	_cro_transition_actor_is_student	o custom_request_orders, p_actor uuid	6c0e4ed0ea1c2041964ab7c1709a15e5
public	_cro_transition_deliverable_count	p_order_id uuid	c067bd69a5c771cef18e36de7a7d16ef
public	_cro_transition_has_active_dispute	p_order_id uuid	e9dfe48bf07b71331c532855dc37c827
public	_cro_transition_is_terminal	o custom_request_orders	17cc19cdd783121e936ed4c87fd77d13
public	_cro_transition_payment_confirmed	o custom_request_orders	c9713198bb9bd8347087585662bb631e
public	_cro_transition_primary_status_col	o custom_request_orders	6655af6afc6edd67af9f9781fea4d4a6
public	_cro_transition_primary_status_norm	o custom_request_orders	5bb03e9b7900e9f76dc1f837b77d9846
public	_cro_transition_revision_count	p_order_id uuid	1e060be9635bb4a558a11ccda18f8853
public	_order_primary_status_norm	o custom_request_orders	6e39cb74e7ca2b61d50c4226e1f39542
public	_pick_custom_order_gross_won	o custom_request_orders, app custom_request_applications	5cbfd6c29682c2f4243b280ccb2ce69c
public	_positive_int_from_numeric	v numeric	dc871bd055649f0e8a7799543b8d9bdf
public	accept_custom_order_deliverable_atomic	p_order_id uuid, p_student_id uuid, p_require_payment boolean	71f29459c1b5a36ef8e712a8f2ea0f96
public	account_deletion_active_job_id	p_user_id uuid	fd2ffda523d457919db20b12af922ec8
public	account_deletion_active_states		30d883cd4f7b20c160b4cac3f57226c4
public	account_deletion_advance	p_user_id uuid, p_from text, p_to text	a17d3ec5ed0927b66684e6c3c94ba043
public	account_deletion_begin_locked	p_user_id uuid	e69858b06581bbe3e70d181c7676789f
public	account_deletion_cancel	p_user_id uuid	6c87d0f96428c22086589206ef1ed0d9
public	account_deletion_cancel_self		a7f64ce1fa37e17092e796d58d998abb
public	account_deletion_claim	p_owner text, p_limit integer, p_lease_seconds integer	19cb0bcffc6025ed1646bd3b1a54a0b7
public	account_deletion_forfeit_and_anonymize	p_user_id uuid	6f24f371518cde8a4346ae50ce94a411
public	account_deletion_latest_job_id	p_user_id uuid	0f7f00d35a20fff6cf97846893ae7b61
public	account_deletion_reclaim_expired		2eb49d27882b7e05eb3ba799117d4951
public	account_deletion_record_error	p_user_id uuid, p_error text, p_backoff_seconds integer, p_max_attempts integer	81f1fa8073e48a41df2f39a98c3f1fa6
public	account_deletion_request	p_user_id uuid, p_cancelable_minutes integer, p_dry_run boolean	7cefd90964536278cb2090739895d72d
public	account_deletion_request_consented	p_user_id uuid, p_cancelable_minutes integer, p_dry_run boolean, p_forfeit_consent boolean, p_acknowledged_balance_cents bigint	6c4a58ff7a78f39b432e8c73e11ba410
public	account_deletion_request_self	p_cancelable_minutes integer, p_dry_run boolean	934153a25ee3ece79b1e394caf3fbcc7
public	account_deletion_request_self_consented	p_cancelable_minutes integer, p_dry_run boolean, p_acknowledged_balance_cents bigint	8a146275e4c3d143ed189f91981a9dc1
public	account_deletion_request_self_consented_v2	p_acknowledged_balance_cents bigint	d709adf3770d06bebf7bebc1f4cca0b3
public	account_deletion_request_self_v2		f6834ec464f1e0a9606b5f205c775685
public	account_deletion_revoke_sessions	p_user_id uuid	8bc2f64268e87e0ab8f3c198df2c428c
public	account_deletion_self_response	p_user_id uuid, p_raw jsonb	b50e6898e5823aeaab9ed7f84b735269
public	account_deletion_status_self		bf4d31ff907ad92bb1e744b49553b6c7
public	account_deletion_storage_owner_refs	p_user_id uuid	f5af4f4588020166e944e885f27115c0
public	account_deletion_verify_object_owners	p_user_id uuid, p_refs jsonb	acfc40dfca096046e1f56f2148839fce
public	account_deletion_worker_claim	p_limit integer	528d11fb82a9b0c75a3eab2576f474b6
public	account_deletion_write_blocked	p_user_id uuid	e69b58ec1c439af3f39c22c355608304
public	account_deletion_write_guard		bbc94c6f2409a276a38f8086e675d994
public	add_individual_question_attachment	p_question_id uuid, p_storage_path text, p_file_name text, p_mime_type text, p_message_id uuid	58f0c2411d40b2ce3bcec23efa0c88a1
public	admin_issue_user_warning	p_user_id uuid, p_reason text, p_severity text	de2d5e39a33d4ea9603c599ca86fe8fe
public	anonymize_user_for_deletion	p_user_id uuid, p_reason text	5b203136cc3cf2377062bec09b6295ce
public	answer_individual_question	p_question_id uuid, p_body text	75a5c5cf8ebcbe5abcb359239ff6be55
public	approve_mentor_school_verification_admin	p_verification_id uuid, p_university_name text, p_university_id text, p_department_name text, p_major_category text, p_school_tier text	b4d4ebcd653ba8365511928e663c144b
public	approve_refund_request_admin	p_refund_id uuid, p_admin_id uuid, p_admin_note text	324fd6922db5cb668e1aeee1ac34e322
public	cc_sync_board_delete_to_canonical		6f420697949c0561e307760b2310a14d
public	cc_sync_board_to_canonical		14faad5279a5d4f85fb68965d530bee8
public	cc_write_guard		b7aaa8263f37d1b243e6b6a0cb05fd96
public	check_free_question_usage_limits		62ac1b12149d065ecb8bcab7d12d109d
public	check_review_eligibility	p_mentor_id uuid, p_student_id uuid	2cfea5bce6afbc9ed662647389a6d185
public	claim_individual_question	p_question_id uuid, p_mentor_id uuid	e4f2bbfc086979fc2cf15f59282ac143
public	claim_individual_question_as_mentor	p_question_id uuid	5e69682433708f4ec58fcccb72b47109
public	claim_individual_question_v2	p_question_id uuid, p_mentor_id uuid	321e951a2b5e6aa07de7774c742eebbb
public	com_notify_new_order_message		f1c90d30a5486ad3ac726451cc918d06
public	comment_sync_in_progress		89fc2d6eb126e4af329bde1e40f04345
public	comments_mirror_delete_to_legacy		cd0da001a36cc26607c6d4630ebf17e0
public	comments_mirror_to_legacy		83d391c6e48ba5205ac5989474dfaf39
public	comments_set_author_label		850a6eaf068952ebb11abe33b0837c52
public	comments_write_guard		dc5346aa5883d1ec236c2cfd5257937a
public	community_comment_soft_delete_self	p_comment_id uuid	9942aa77e5a3215423db62a00e2474cd
public	community_comments_set_author_label		6b71e333e1209d5d2b0ef2e6629a9bd2
public	community_refresh_post_comment_count		db3e60c248a8722522fcefb8dd179b28
public	community_refresh_post_like_count		25c46ced58935ef83449ae8979eb966e
public	community_refresh_shortform_like_count		f5fc6142034d9cd31be345b7b7e15135
public	community_sync_hashtags		bcf5c003eb599a81a80d69ac9637023d
public	confirm_subscription_checkout	p_payment_id uuid, p_plan_id uuid, p_idempotency_key text	d661bf2444c43238e7df4a55537e17e5
public	cra_backfill_post_fk		759c954b13559b6ae561f241eaf7209c
public	cra_notify_new_application		44b7f7ce0580f1e5bea4fb2281bfe650
public	craa_application_uuid_from_path	p_name text	b25e3139be6fbb37e74e1987ffd4f0d5
public	create_individual_question_as_student	p_question_type text, p_title text, p_body text, p_amount_cents integer, p_designated_mentor_id uuid, p_idempotency_key text	43591897fc28f0990418b1578d8908af
public	create_individual_question_with_hold	p_student_id uuid, p_question_type text, p_mentor_id uuid, p_subject text, p_topic text, p_title text, p_body text, p_price_cents integer, p_idempotency_key text	f567bf6730d5e01b8c0110bea48a0d5c
public	create_individual_question_with_hold_v2	p_student_id uuid, p_question_type text, p_mentor_id uuid, p_subject text, p_topic text, p_title text, p_body text, p_price_cents integer, p_idempotency_key text, p_required_school_tier text, p_required_major_category text	40cbc91f5ccba1d40125cf487a38edca
public	cro_backfill_fks		3a839463b366cc44e741ad9fdcde0303
public	cro_primary_status_norm	o custom_request_orders	4f7451343a48eaf9c3a9fa24588eadb3
public	cro_student_can_read_deliverable_storage	o custom_request_orders	089077a8d44e6e9a332a42215c65553b
public	cro_uuid_from_deliverable_storage_path	p_name text	b25e3139be6fbb37e74e1987ffd4f0d5
public	crp_uuid_from_post_attachment_path	p_name text	b25e3139be6fbb37e74e1987ffd4f0d5
public	custom_order_mentor_deliver	p_order_id uuid	1c4b295392653ac7072ee7ffbdff58c2
public	custom_order_mentor_start	p_order_id uuid	fad59b6a3db11b19c31f5a30661a546b
public	custom_order_message_attachment_is_party	p_order_id uuid	5c3b2fb1e9e212ae9121fcb293a2e3df
public	custom_order_message_attachment_order_id_from_path	p_name text	608e2e12c40409f11ba3aa65de421367
public	custom_order_message_attachment_uploader_id_from_path	p_name text	e3d38f322fe708e87517861a998f3d18
public	custom_order_student_request_revision	p_order_id uuid, p_note text	5e5c73c05d53320d991e161c773ad6b3
public	enforce_mentor_cap		d321c4c9da1e37cb7230144658ca6ea5
public	enforce_mentor_profile_privileged_guard		7a1835ed13e461301915a9c158031175
public	enforce_users_role_guard		7d73e32c5ae1171ccdf2a64097664b57
public	enforce_users_role_insert_guard		f9314f9969d701dd595f61bf195bee5d
public	fqu_legacy_standalone_noop		62c30afc7b30649bddf02438957abcb8
public	get_mentor_avg_response_hours	p_mentor_id uuid	92434107d3fca42a064d89cfc6ef6f86
public	get_mentor_review_stats	p_mentor_id uuid, p_include_hidden boolean	19d751e83c775171fcbb63eea8c4f2e8
public	get_mentor_student_nicknames	p_student_ids uuid[]	240e7ec6184bb780103f53334167e23f
public	get_mobile_app_version_policy	p_platform text	74471887fa73e5d836297b4f1ca38cd0
public	get_public_custom_request_post_for_browse	p_post_id uuid	1b605e26723850b0d1ed80b6143940eb
public	get_weekly_question_usage	p_student_id uuid, p_mentor_id uuid	2dac6342082855a64cb3ef214f46c54d
public	handle_new_auth_user		59ec61f40addeedc8819a7a745713cb3
public	handle_new_auth_user_consent_records		73176051182eb36a11e94a01f7b7d7fd
public	increment_community_post_view	p_post_id uuid	15b53d42c9e3fc526472c515a7f9e560
public	increment_shortform_post_view	p_post_id uuid	af9373b50a618582e1facb87fe6b80df
public	individual_question_user_is_admin	p_user_id uuid	4c228f6ac7c8c93006945ccd494e3bcd
public	individual_question_user_is_approved_mentor	p_user_id uuid	c6be4192db6833ca74a300b35c1c874b
public	individual_question_uuid_from_storage_path	p_name text	b25e3139be6fbb37e74e1987ffd4f0d5
public	iq_append_message	p_question_id uuid, p_body text	81aa22313dc8ad3054c2a25310f75e7c
public	iq_notify_assigned		5d579ace0df3a25158383afc86f1d0f9
public	iq_notify_status_transition		504d6dcb9206a6f232dc1d710071ab86
public	iqm_notify_message		202e5131336c0dab0bec62e381d6dbf6
public	is_admin		74c72373e14d651dff3631eb7824da87
public	is_mentor		4e4a024576bef151f7510c5e897a7829
public	keep_subscription_refunded_status		f670a71d102e5c40ae89646b73af5178
public	list_open_custom_request_posts_for_mentor_browse	p_limit integer	cda086dba48e46577d9a88a748b3349f
public	list_open_individual_questions_for_mentor	p_limit integer	56f5fece758452cf683fa741151d3316
public	mark_all_notifications_read		8dd881a2911ea53b2f0eb5663735efd1
public	mark_notification_read	p_notification_id uuid	0beed576d41ee229084a4aa903fb0dfc
public	mentor_acad_change_guard_self_review		019c813fe08117c979754864a01221cf
public	mentor_cap_limit	p_mentor_id uuid	79732febe6fb97485092daf0fda2807e
public	mentor_cap_used	p_mentor_id uuid	c428728c0224b843736dd53021ec939f
public	mentor_directory_list	p_limit integer	8391a981d01447885f8661c6d21690bf
public	mentor_directory_list_v2	p_limit integer	124b5f9d64acc58de55c290c9af9b504
public	mentor_profiles_for_directory	p_ids uuid[]	6e76bb106428b0c7db0e924fc00de1d8
public	mentor_profiles_for_directory_v2	p_ids uuid[]	96120166e8c9b50e7133aaba47b34350
public	mentor_school_verification_storage_path	p_ref text	c8e36ae9c6ff8d992e41de4ea7cd166c
public	mentor_school_verifications_guard_self_review		2a5c001440fce70f2285887d9976b172
public	mentor_user_public	p_mentor_id uuid	6c0767e5fb1c86024b6eda2d0a692280
public	mentor_user_public_v2	p_mentor_id uuid	9eadf0cd60cbd828273c5277d77f0627
public	mp_notify_activity_transition		6997d4cc0929bb72a2d29ee4f17eb5a9
public	mp_seed_default_plans_on_approval		62dd89c655f46f703a7ad26d49e7e602
public	mplan_notify_price_changed		e195056021a00e3a3ca7202c7917d89a
public	notification_cash_label	p_amount_cents bigint	695b780994704b0442ba1e3cd27cbdc7
public	notification_create_deliveries	p_outbox_id uuid	b26c3ea876386cdaad7040dd5d61d194
public	notification_date_label	p_at timestamp with time zone	ecc6f2318358588cc83efd84c05d45c1
public	notification_delivery_allowed	p_user_id uuid, p_event_type text	11af500aefaa49d3748c6d13fe3f074d
public	notification_delivery_mark_failed	p_id uuid, p_error text, p_invalid_token boolean	ef8162e798c68238e400cf3f927e1176
public	notification_delivery_mark_sent	p_id uuid	b19135bc19028f6b16db86936268bec1
public	notification_display_name	p_user_id uuid	73cfb348f58c47342594e2a94a4b6c37
public	notification_event_group	p_event_type text	f288008ddd2ead6575c5378d3b755497
public	notification_mentor_label	p_user_id uuid	a81bf2a7e9ae7672db63bd2b93da8cac
public	notification_outbox_claim	p_owner text, p_limit integer, p_lease_seconds integer	f95662d5ae7ed7300663c73ebceee0d5
public	notification_outbox_mark_failed	p_id uuid, p_error text, p_backoff_seconds integer	6bed9a90c20fddce1ea345181ef0db44
public	notification_outbox_mark_sent	p_id uuid	37a19a223c8175b5d55191b519878bbd
public	notification_outbox_reclaim_expired		efeef66419271da46e3610ac208e99ec
public	notification_unread_count_self		39a5dd73b6a58bb73bdf97f9d1e7b136
public	notifications_read_state_sync		6f006dde819d1cc54311e0c2197432d8
public	pay_due_payouts_for_run	p_run_date date, p_idempotency_key text, p_dry_run boolean	e85870d8e25a4121950f49d8bc5954d6
public	payout_reconciliation_report	p_run_date date	0c46797a0b1fc202ff3cf65b726ac172
public	payout_run_items_block_mutation		944c4b0136ae39446078f9d3a2c02232
public	process_subscription_renewal	p_subscription_id uuid, p_period_end timestamp with time zone, p_amount_cents bigint, p_idempotency_key text, p_processed_at timestamp with time zone	841f1f1ea52846d4215a247e4cb56b81
public	qa_answer_notification_after		c12b866c9c91ee76c0e4a220547eed2a
public	qa_direct_answered_after		229cfd8932f6900422fa8552cccf68c0
public	qa_direct_write_guard		2eaad68a2c0487cbfbb3ccf3be9c8e86
public	qm_answer_notification_after		034d8316cff68d6109c989d9c4586e95
public	qm_direct_answered_after		229cfd8932f6900422fa8552cccf68c0
public	qm_direct_write_guard		c6cd7b3ecb67895d83ef4d1b057c11e0
public	qna_append_message	p_thread_id uuid, p_body text	ddcf34af457558f86e4423f66a3855d1
public	qna_apply_answered_transition	p_thread_id uuid	d3ba79dbdf798a185252700ed76d5869
public	qna_confirm_thread	p_thread_id uuid	e134ab8d456ecc614605f64a916443a4
public	qna_create_free_question_thread	p_room_id uuid, p_title text, p_subject text, p_topic text, p_first_message_body text	c0205ad18e12e72726113b48dddfe487
public	qna_create_question_thread	p_room_id uuid, p_title text, p_subject text, p_topic text, p_first_message_body text	58fb3f95caf5067d961445122f443f38
public	qna_emit_answer_notification	p_thread_id uuid, p_message_id uuid, p_attachment_id uuid	5b1e1087b1d7564c84aa43281d71e2d4
public	qna_flag_wrong_answer	p_thread_id uuid, p_is_wrong boolean	794996a312a7cf2ef3f0471abc2e20ea
public	qna_is_direct_untrusted_writer		2a253b0ed3c413cdbd65f92792f12437
public	qna_register_attachment	p_thread_id uuid, p_storage_path text, p_file_name text, p_mime_type text, p_message_id uuid	5dcf55b6805f1019147159e99d7394d8
public	qna_subscription_has_live_refund	p_subscription_id uuid	44c8f0acd94c3da4101f841ee6244e17
public	qna_users_blocked	p_a uuid, p_b uuid	62769164029a4c19193d18729c1271b8
public	qra_path_upload_eligible	p_name text	3c49095957536672cf98a3a8794f7a8b
public	qra_room_uuid_from_path	p_name text	b25e3139be6fbb37e74e1987ffd4f0d5
public	qra_thread_writable_for_path	p_name text	4b0f92b44a6484b22d5ddd51fa454765
public	qra_uploader_allowed_for_path	p_name text	1ae1d30799e94ecd827940ada99a49db
public	qt_direct_consume_free_usage		2c8a5d770bea4db695f405243b85101f
public	qt_direct_write_guard		d07f50e0adaf4c6c00d35113e2c780a3
public	record_cash_topup	p_user_id uuid, p_amount_cents bigint, p_idempotency_key text	5c59faf43bf0b63f3f977a191a3cd3ec
public	record_custom_order_dispute_split	p_order_id uuid, p_mentor_gross_won integer, p_student_refund_won integer, p_admin_id uuid	de213ef3ee39bbda26e114e852dd8f38
public	record_custom_order_escrow_hold	p_student_id uuid, p_order_id uuid, p_amount_cents bigint	c02057ce187c873978c7238dea0d830c
public	record_custom_order_escrow_payout	p_order_id uuid	42674e6fff89af4dc88da0d805412c1a
public	record_custom_order_escrow_refund	p_order_id uuid	bef0788bad838aa5a3f01f5300a2b158
public	record_domain_notification	p_recipient_user_id uuid, p_event_key text, p_dedup_key text, p_event_type text, p_title text, p_body text, p_link text, p_metadata jsonb, p_payload jsonb	9014d31b34932bf118967bc905cc8ae8
public	record_subscription_cash_debit	p_user_id uuid, p_subscription_id uuid, p_payment_id uuid, p_amount_cents bigint	3741d115e67964abcc81f5d75b82d1bd
public	record_subscription_cash_rollback	p_user_id uuid, p_subscription_id uuid, p_payment_id uuid, p_amount_cents bigint	6049ece937510a59eac2021c9de4d513
public	refresh_subscription_settlement_items	p_from timestamp with time zone, p_to timestamp with time zone	e94c6068267b1d8f5711a3017b0466ef
public	refund_individual_question	p_question_id uuid	0ca6ef165859d044e57dca81f63aa32c
public	refund_individual_question_hold	p_question_id uuid	f853fd233e07ce972f6d1c57519be15c
public	refund_notify_mentor_termination		41ffd98e3d9548ebcef8a4de5090c069
public	register_device_token	p_token text, p_platform text	9db20763329297e31f5c04692b6f5879
public	reject_refund_request_admin	p_refund_id uuid, p_admin_id uuid, p_admin_note text	d609d19a868b0a0a6d5fa5afde9fdc1b
public	release_individual_question	p_question_id uuid	29f8d26ab0cb53f2d87f68cf80c5a519
public	release_individual_question_payout	p_question_id uuid	ddee785f104cd90355083ee14650b9b0
public	report_target_user_valid	p_target_id uuid	e6797fe64af16ec4ba1603f2e0d7574f
public	reviews_enforce_update		2b739a1cf19ad6bd517b01ba3d51083f
public	revoke_device_token	p_device_token_id uuid	45a36082c86073efced349404bb3cb6b
public	rls_auto_enable		99be20677b456ea8d3be47bdd44fb369
public	run_scheduled_payout	p_run_date date, p_force_dry_run boolean	cbe696efca418267fd2effce78268dca
public	sbe_notify_billing_event		0aca619dce6312008b4012163f50f078
public	set_admin_content_updated_at		9b1889f56258bf9d6554213c05019c76
public	set_individual_question_price	p_amount_cents integer	866230e7485c428ae72e08a14a718135
public	set_refunds_updated_at		1c4318bee4240d4113d86fad7eb15623
public	set_updated_at		9b1889f56258bf9d6554213c05019c76
public	shortform_posts_protected_guard		18be7fceefd39928f89ff287eedb77a7
public	shortform_view_record_v2	p_post_id uuid, p_event_key uuid	13cf210ef84f057312280a30862b0a03
public	sub_notify_expired		b1d11a2490afef92ab698508b0e1deb0
public	subscription_cap_weight	p_tier text	d6c1553374b6d3387e1f6796cb374f63
public	sync_subscription_refunded_from_refund		fd700e3b3bbdd9ce9ab1662ec9a5bdb8
public	trg_block_settlement_on_active_dispute		41d2de47fffc75b4641d1afb54c4fadd
public	ugc_write_allowed		b998bd2efefcc33cfeaaedb933d70f50
public	user_can_read_craa_storage_path	p_name text	3d0975bb21072d3c199e150a202a5e9d
public	user_can_read_cro_deliverable_storage_path	p_name text	1acad943590e08adaf53c140fd2a9c81
public	user_can_read_crpa_storage_path	p_name text	88cd581a819ee40c1bcbde644df8fad7
public	user_is_application_mentor_for_craa_application	p_application_id uuid	bb3533ddf65a8c3dd691f2cebe2486e7
public	user_is_application_mentor_for_craa_path	p_name text	9e9f079f0a6d7363110a59b589684560
public	user_is_individual_question_party	p_question_id uuid	61089b786091cb96da46af69bfb947e9
public	user_is_mentor_of_cro_storage_path	p_name text	5ff8133d38859f62f0a84fc0992af995
public	user_is_party_for_individual_question_storage_path	p_name text	1f39859793613bb070bbb1cd6c487325
public	user_is_party_to_cro_storage_path	p_name text	d7cb2c18e390bb00670ce7e64fc5ddc6
public	user_is_post_author_for_craa_application	p_application_id uuid	b3da481c33740e51cea6d4d9c8280068
public	user_is_post_author_for_crpa_path	p_name text	9e8e0c212b1030f705a3b0682451b668
public	user_is_room_party_for_qra_path	p_name text	746881606c90a870c88d57d4a6db434c
public	users_protected_columns_guard		4d08e991e4ef8e87b95c7753dd53c2ec
